Designator,Footprint,Quantity,Value,LCSC Part #
C1,0402,1,100n,
"D1, D3, D4",LESD5D50CT1G,3,LESD5D5.0CT1G,C383211
D2,0402,1,D_Schottky,
D5,0603,1,LED,
H2,mouse-bite-2.54mm-slot,1,MountingHole,
J2,PinHeader_1x06_P2.54mm_Vertical,1,Conn_01x05,
P1,USB-C-SMD_KH-TYPE-C-16P,1,USB_C_Plug_USB2.0,
"R1, R2",0402,2,5.1k,
"R3, R4",0402,2,1k,
R5,0402,1,4.7k,
R6,0402,1,500,
R7,0402,1,1.5k,
"R8, R9",0402,2,68,
SW1,Kailh_socket_MX_optional,1,SW_Push,
SW2,TA3524AA,1,SW_SPST,
"TP1, TP2, TP4, TP6",PinHeader_1x02_P2.54mm_Vertical,4,TestPoint,
U1,VQFN-20-1EP_3x3mm_P0.4mm_EP1.7x1.7mm,1,ATtiny416-M,
